-- MySQL dump 10.13  Distrib 9.5.0, for macos26.0 (arm64)
--
-- Host: 127.0.0.1    Database: vpemaster
-- ------------------------------------------------------
-- Server version	9.5.0

/*!40101 SET @OLD_CHARACTER_SET_CLIENT=@@CHARACTER_SET_CLIENT */;
/*!40101 SET @OLD_CHARACTER_SET_RESULTS=@@CHARACTER_SET_RESULTS */;
/*!40101 SET @OLD_COLLATION_CONNECTION=@@COLLATION_CONNECTION */;
/*!50503 SET NAMES utf8mb4 */;
/*!40103 SET @OLD_TIME_ZONE=@@TIME_ZONE */;
/*!40103 SET TIME_ZONE='+00:00' */;
/*!40014 SET @OLD_UNIQUE_CHECKS=@@UNIQUE_CHECKS, UNIQUE_CHECKS=0 */;
/*!40014 SET @OLD_FOREIGN_KEY_CHECKS=@@FOREIGN_KEY_CHECKS, FOREIGN_KEY_CHECKS=0 */;
/*!40101 SET @OLD_SQL_MODE=@@SQL_MODE, SQL_MODE='NO_AUTO_VALUE_ON_ZERO' */;
/*!40111 SET @OLD_SQL_NOTES=@@SQL_NOTES, SQL_NOTES=0 */;

--
-- Table structure for table `auth_roles`
--

DROP TABLE IF EXISTS `auth_roles`;
/*!40101 SET @saved_cs_client     = @@character_set_client */;
/*!50503 SET character_set_client = utf8mb4 */;
CREATE TABLE `auth_roles` (
  `id` int NOT NULL AUTO_INCREMENT,
  `name` varchar(50) NOT NULL,
  `description` text,
  `level` int DEFAULT NULL,
  `created_at` datetime DEFAULT NULL,
  PRIMARY KEY (`id`),
  UNIQUE KEY `ix_auth_roles_name` (`name`)
) ENGINE=InnoDB AUTO_INCREMENT=6 DEFAULT CHARSET=utf8mb3;
/*!40101 SET character_set_client = @saved_cs_client */;

--
-- Dumping data for table `auth_roles`
--

LOCK TABLES `auth_roles` WRITE;
/*!40000 ALTER TABLE `auth_roles` DISABLE KEYS */;
INSERT INTO `auth_roles` VALUES (1,'SysAdmin','Admin role',8,'2026-01-15 07:42:37'),(2,'ClubAdmin','VPE role',4,'2026-01-15 07:42:37'),(3,'Staff','Officer role',2,'2026-01-15 07:42:37'),(4,'User','Member role',1,'2026-01-15 07:42:37'),(5,'Guest',NULL,0,'2026-01-16 13:55:24');
/*!40000 ALTER TABLE `auth_roles` ENABLE KEYS */;
UNLOCK TABLES;

--
-- Table structure for table `level_roles`
--

DROP TABLE IF EXISTS `level_roles`;
/*!40101 SET @saved_cs_client     = @@character_set_client */;
/*!50503 SET character_set_client = utf8mb4 */;
CREATE TABLE `level_roles` (
  `id` int NOT NULL AUTO_INCREMENT,
  `level` int NOT NULL,
  `role` varchar(255) NOT NULL,
  `type` varchar(50) NOT NULL,
  `count_required` int NOT NULL DEFAULT '0',
  PRIMARY KEY (`id`)
) ENGINE=InnoDB AUTO_INCREMENT=74 DEFAULT CHARSET=utf8mb4 COLLATE=utf8mb4_0900_ai_ci;
/*!40101 SET character_set_client = @saved_cs_client */;

--
-- Dumping data for table `level_roles`
--

LOCK TABLES `level_roles` WRITE;
/*!40000 ALTER TABLE `level_roles` DISABLE KEYS */;
INSERT INTO `level_roles` VALUES (1,1,'Topics Speaker','required',1),(2,1,'Individual Evaluator','required',1),(3,1,'Timer','elective',1),(4,1,'Ah-Counter','elective',1),(5,2,'Grammarian','required',1),(6,2,'Topicsmaster','required',1),(7,2,'Individual Evaluator','required',1),(8,2,'TME','elective',1),(9,2,'Timer','elective',1),(10,2,'Ah-Counter','elective',1),(11,3,'TME','required',1),(12,3,'Individual Evaluator','required',1),(13,3,'Topicsmaster','elective',1),(14,3,'Topics Speaker','elective',1),(15,3,'Introductory Mentor','elective',1),(16,4,'TME','required',1),(17,4,'GE','required',1),(18,4,'Individual Evaluator','required',1),(19,4,'Topicsmaster','elective',1),(20,4,'Topics Speaker','elective',1),(21,4,'Photographer','elective',1),(22,4,'Welcome Officer','elective',1),(23,4,'Meeting Manager','elective',1),(24,4,'Debater','elective',1),(25,4,'Panelist','elective',1),(26,5,'TME','required',2),(27,5,'GE','required',2),(28,5,'Individual Evaluator','required',2),(29,5,'Topicsmaster','elective',1),(30,5,'Topics Speaker','elective',1),(31,5,'Timer','elective',1),(32,5,'Ah-Counter','elective',1),(33,5,'Grammarian','elective',1),(34,5,'Photographer','elective',1),(35,5,'Club Mentor','elective',1),(36,5,'Welcome Officer','elective',1),(37,5,'Meeting Manager','elective',1),(38,5,'Debater','elective',1),(39,5,'Panelist','elective',1),(64,3,'Successful Club Series','required',1),(65,4,'Successful Club Series','required',1),(66,4,'Better Speaker Series','required',1),(67,5,'Successful Club Series','required',1),(68,5,'Leadership Excellence Series','required',1),(69,1,'Elective Pool','elective',1),(70,2,'Elective Pool','elective',1),(71,3,'Elective Pool','elective',1),(72,4,'Elective Pool','elective',2),(73,5,'Elective Pool','elective',2);
/*!40000 ALTER TABLE `level_roles` ENABLE KEYS */;
UNLOCK TABLES;

--
-- Table structure for table `meeting_roles`
--

DROP TABLE IF EXISTS `meeting_roles`;
/*!40101 SET @saved_cs_client     = @@character_set_client */;
/*!50503 SET character_set_client = utf8mb4 */;
CREATE TABLE `meeting_roles` (
  `id` int NOT NULL AUTO_INCREMENT,
  `name` varchar(50) NOT NULL,
  `icon` varchar(50) DEFAULT NULL,
  `type` varchar(20) NOT NULL,
  `award_category` varchar(30) DEFAULT NULL,
  `needs_approval` tinyint(1) NOT NULL,
  `has_single_owner` tinyint(1) NOT NULL,
  `is_member_only` tinyint(1) DEFAULT NULL,
  PRIMARY KEY (`id`)
) ENGINE=InnoDB AUTO_INCREMENT=39 DEFAULT CHARSET=utf8mb3;
/*!40101 SET character_set_client = @saved_cs_client */;

--
-- Dumping data for table `meeting_roles`
--

LOCK TABLES `meeting_roles` WRITE;
/*!40000 ALTER TABLE `meeting_roles` DISABLE KEYS */;
INSERT INTO `meeting_roles` VALUES (0,'No Role',NULL,'system',NULL,0,1,NULL),(1,'Toastmaster','fa-microphone','standard','role-taker',1,0,1),(2,'General Evaluator','fa-search','standard','role-taker',1,0,0),(3,'Individual Evaluator','fa-pen-square','standard','evaluator',0,1,0),(4,'Topicsmaster','fa-comments','standard','role-taker',1,0,0),(5,'Grammarian','fa-book','standard','role-taker',0,0,0),(6,'Timer','fa-stopwatch','standard','role-taker',0,0,0),(7,'Ah-Counter','fa-calculator','standard','role-taker',0,0,0),(8,'Prepared Speaker','fa-user-tie','standard','speaker',1,1,1),(9,'Topics Speaker','fa-comment','standard','table-topic',0,1,0),(10,'Keynote Speaker','fa-star','club-specific','speaker',1,0,0),(11,'Welcome Officer','fa-smile','club-specific','role-taker',0,0,0),(12,'Photographer','fa-camera','club-specific','role-taker',0,0,0),(14,'Meeting Manager','fa-clipboard-list','club-specific','role-taker',1,0,0),(15,'Election Chair','fa-vote-yea','club-specific','role-taker',1,0,0),(16,'Chief Contest Judge','fa-gavel','club-specific','role-taker',1,0,0),(17,'Moderator','fa-gavel','club-specific','role-taker',1,0,0),(18,'Panelist','fa-users','club-specific','',1,0,0),(19,'Debate Host','fa-comments','club-specific','role-taker',1,0,0),(20,'Debater','fa-balance-scale','club-specific','',1,0,0),(21,'Club Mentor','fa-graduation-cap','club-specific','',1,0,0),(22,'Introductory Mentor','fa-seedling','club-specific','',1,0,0),(26,'Contest Chair','fa-microphone','club-specific','role-taker',1,0,0),(27,'Ballot Counter','fa-calculator','club-specific','role-taker',0,0,0),(28,'Speaker','fa-microphone','standard','',0,1,0),(29,'TestDistinct',NULL,'standard',NULL,0,1,0),(30,'TestShared',NULL,'standard',NULL,0,0,0),(31,'SAA','','officer','',0,0,0),(32,'President','','officer','',0,0,0),(33,'VPE','','officer','',0,0,0),(34,'VPM','','officer','',0,0,0),(35,'VPPR','','officer','',0,0,0),(36,'Secretary','','officer','',0,0,0),(37,'Treasurer','','officer','',0,0,0);
/*!40000 ALTER TABLE `meeting_roles` ENABLE KEYS */;
UNLOCK TABLES;

--
-- Table structure for table `pathway_projects`
--

DROP TABLE IF EXISTS `pathway_projects`;
/*!40101 SET @saved_cs_client     = @@character_set_client */;
/*!50503 SET character_set_client = utf8mb4 */;
CREATE TABLE `pathway_projects` (
  `id` int NOT NULL AUTO_INCREMENT,
  `path_id` int DEFAULT NULL,
  `project_id` int DEFAULT NULL,
  `code` varchar(10) DEFAULT NULL,
  `type` enum('elective','required','other') NOT NULL DEFAULT 'required',
  `level` int DEFAULT NULL,
  PRIMARY KEY (`id`),
  KEY `path_id` (`path_id`),
  KEY `pathway_projects_ibfk_2` (`project_id`),
  CONSTRAINT `pathway_projects_ibfk_1` FOREIGN KEY (`path_id`) REFERENCES `pathways` (`id`),
  CONSTRAINT `pathway_projects_ibfk_2` FOREIGN KEY (`project_id`) REFERENCES `Projects` (`id`)
) ENGINE=InnoDB AUTO_INCREMENT=289 DEFAULT CHARSET=utf8mb3;
/*!40101 SET character_set_client = @saved_cs_client */;

--
-- Dumping data for table `pathway_projects`
--

LOCK TABLES `pathway_projects` WRITE;
/*!40000 ALTER TABLE `pathway_projects` DISABLE KEYS */;
INSERT INTO `pathway_projects` VALUES (1,1,1,'1.1','required',1),(2,1,2,'1.2','required',1),(3,1,3,'1.3','required',1),(4,1,4,'1.4.1','required',1),(5,1,5,'1.4.2','required',1),(6,1,6,'1.4.3','required',1),(7,1,7,'3.2','elective',3),(8,1,8,'2.2','required',2),(9,1,9,'2.1','required',2),(10,1,10,'3.2','elective',3),(11,1,11,'3.2','elective',3),(12,1,12,'3.2','elective',3),(13,1,13,'2.3','required',2),(14,1,16,'3.1','required',3),(15,1,20,'3.2','elective',3),(16,1,21,'3.2','elective',3),(17,1,22,'3.2','elective',3),(18,1,23,'3.2','elective',3),(19,1,24,'3.2','elective',3),(20,1,25,'3.2','elective',3),(21,1,26,'3.2','elective',3),(22,1,27,'3.2','elective',3),(23,1,28,'3.2','elective',3),(24,1,29,'3.2','elective',3),(25,1,30,'3.2','elective',3),(26,1,33,'4.1','required',4),(27,1,37,'4.2','elective',4),(28,1,38,'4.2','elective',4),(29,1,39,'4.2','elective',4),(30,1,40,'4.2','elective',4),(31,1,41,'4.2','elective',4),(32,1,42,'4.2','elective',4),(33,1,43,'4.2','elective',4),(34,1,44,'4.2','elective',4),(35,1,48,'5.2','elective',5),(36,1,49,'5.2','elective',5),(37,1,50,'5.1','required',5),(38,1,51,'5.2','elective',5),(39,1,53,'5.3','required',5),(40,1,54,'5.2','elective',5),(41,1,55,'5.2','elective',5),(42,1,56,'5.2','elective',5),(43,1,57,'5.2','elective',5),(44,2,1,'1.1','required',1),(45,2,2,'1.2','required',1),(46,2,3,'1.3','required',1),(47,2,4,'1.4.1','required',1),(48,2,5,'1.4.2','required',1),(49,2,6,'1.4.3','required',1),(50,2,7,'2.1','required',2),(51,2,10,'3.2','elective',3),(52,2,11,'2.2','required',2),(53,2,12,'3.2','elective',3),(54,2,13,'2.3','required',2),(55,2,15,'3.1','required',3),(56,2,20,'3.2','elective',3),(57,2,21,'3.2','elective',3),(58,2,22,'3.2','elective',3),(59,2,23,'3.2','elective',3),(60,2,24,'3.2','elective',3),(61,2,25,'3.2','elective',3),(62,2,26,'3.2','elective',3),(63,2,27,'3.2','elective',3),(64,2,28,'3.2','elective',3),(65,2,29,'3.2','elective',3),(66,2,30,'3.2','elective',3),(67,2,34,'4.2','elective',4),(68,2,36,'4.1','required',4),(69,2,37,'4.2','elective',4),(70,2,38,'4.2','elective',4),(71,2,39,'4.2','elective',4),(72,2,40,'4.2','elective',4),(73,2,41,'4.2','elective',4),(74,2,42,'4.2','elective',4),(75,2,43,'4.2','elective',4),(76,2,44,'4.2','elective',4),(77,2,45,'5.1','required',5),(78,2,48,'5.2','elective',5),(79,2,49,'5.2','elective',5),(80,2,51,'5.2','elective',5),(81,2,53,'5.3','required',5),(82,2,54,'5.2','elective',5),(83,2,55,'5.2','elective',5),(84,2,56,'5.2','elective',5),(85,2,57,'5.2','elective',5),(86,3,1,'1.1','required',1),(87,3,2,'1.2','required',1),(88,3,3,'1.3','required',1),(89,3,4,'1.4.1','required',1),(90,3,5,'1.4.2','required',1),(91,3,6,'1.4.3','required',1),(92,3,7,'3.2','elective',3),(93,3,8,'2.1','required',2),(94,3,10,'2.2','required',2),(95,3,11,'3.2','elective',3),(96,3,12,'3.2','elective',3),(97,3,13,'2.3','required',2),(98,3,19,'3.1','required',3),(99,3,20,'3.2','elective',3),(100,3,21,'3.2','elective',3),(101,3,22,'3.2','elective',3),(102,3,23,'3.2','elective',3),(103,3,24,'3.2','elective',3),(104,3,25,'3.2','elective',3),(105,3,26,'3.2','elective',3),(106,3,27,'3.2','elective',3),(107,3,28,'3.2','elective',3),(108,3,29,'3.2','elective',3),(109,3,30,'3.2','elective',3),(110,3,34,'4.2','elective',4),(111,3,35,'4.1','required',4),(112,3,37,'4.2','elective',4),(113,3,38,'4.2','elective',4),(114,3,39,'4.2','elective',4),(115,3,40,'4.2','elective',4),(116,3,41,'4.2','elective',4),(117,3,42,'4.2','elective',4),(118,3,43,'4.2','elective',4),(119,3,44,'4.2','elective',4),(120,3,48,'5.2','elective',5),(121,3,49,'5.2','elective',5),(122,3,51,'5.2','elective',5),(123,3,52,'5.1','required',5),(124,3,53,'5.3','required',5),(125,3,54,'5.2','elective',5),(126,3,55,'5.2','elective',5),(127,3,56,'5.2','elective',5),(128,3,57,'5.2','elective',5),(129,4,1,'1.1','required',1),(130,4,2,'1.2','required',1),(131,4,3,'1.3','required',1),(132,4,4,'1.4.1','required',1),(133,4,5,'1.4.2','required',1),(134,4,6,'1.4.3','required',1),(135,4,7,'3.2','elective',3),(136,4,9,'2.1','required',2),(137,4,10,'2.2','required',2),(138,4,11,'3.2','elective',3),(139,4,12,'3.2','elective',3),(140,4,13,'2.3','required',2),(141,4,18,'3.1','required',3),(142,4,20,'3.2','elective',3),(143,4,21,'3.2','elective',3),(144,4,22,'3.2','elective',3),(145,4,23,'3.2','elective',3),(146,4,24,'3.2','elective',3),(147,4,25,'3.2','elective',3),(148,4,26,'3.2','elective',3),(149,4,27,'3.2','elective',3),(150,4,28,'3.2','elective',3),(151,4,29,'3.2','elective',3),(152,4,30,'3.2','elective',3),(153,4,32,'4.1','required',4),(154,4,37,'4.2','elective',4),(155,4,38,'4.2','elective',4),(156,4,39,'4.2','elective',4),(157,4,40,'4.2','elective',4),(158,4,41,'4.2','elective',4),(159,4,42,'4.2','elective',4),(160,4,43,'4.2','elective',4),(161,4,44,'4.2','elective',4),(162,4,48,'5.1','required',5),(163,4,49,'5.1','required',5),(164,4,51,'5.2','elective',5),(165,4,53,'5.3','required',5),(166,4,54,'5.1','required',5),(167,4,55,'5.2','elective',5),(168,4,56,'5.2','elective',5),(169,4,57,'5.2','elective',5),(170,5,1,'1.1','required',1),(171,5,2,'1.2','required',1),(172,5,3,'1.3','required',1),(173,5,4,'1.4.1','required',1),(174,5,5,'1.4.2','required',1),(175,5,6,'1.4.3','required',1),(176,5,7,'3.2','elective',3),(177,5,8,'2.1','required',2),(178,5,10,'3.2','elective',3),(179,5,11,'3.2','elective',3),(180,5,12,'2.2','required',2),(181,5,13,'2.3','required',2),(182,5,17,'3.1','required',3),(183,5,20,'3.2','elective',3),(184,5,21,'3.2','elective',3),(185,5,22,'3.2','elective',3),(186,5,23,'3.2','elective',3),(187,5,24,'3.2','elective',3),(188,5,25,'3.2','elective',3),(189,5,26,'3.2','elective',3),(190,5,27,'3.2','elective',3),(191,5,28,'3.2','elective',3),(192,5,29,'3.2','elective',3),(193,5,30,'3.2','elective',3),(194,5,34,'4.1','required',4),(195,5,37,'4.2','elective',4),(196,5,38,'4.2','elective',4),(197,5,39,'4.2','elective',4),(198,5,40,'4.2','elective',4),(199,5,41,'4.2','elective',4),(200,5,43,'4.2','elective',4),(201,5,44,'4.2','elective',4),(202,5,48,'5.2','elective',5),(203,5,49,'5.2','elective',5),(204,5,51,'5.1','required',5),(205,5,53,'5.3','required',5),(206,5,54,'5.2','elective',5),(207,5,55,'5.2','elective',5),(208,5,56,'5.2','elective',5),(209,5,57,'5.2','elective',5),(210,6,1,'1.1','required',1),(211,6,2,'1.2','required',1),(212,6,3,'1.3','required',1),(213,6,4,'1.4.1','required',1),(214,6,5,'1.4.2','required',1),(215,6,6,'1.4.3','required',1),(216,6,7,'3.2','elective',3),(217,6,8,'2.2','required',2),(218,6,9,'2.1','required',2),(219,6,10,'3.2','elective',3),(220,6,11,'3.2','elective',3),(221,6,12,'3.2','elective',3),(222,6,13,'2.3','required',2),(223,6,14,'3.1','required',3),(224,6,20,'3.2','elective',3),(225,6,21,'3.2','elective',3),(226,6,22,'3.2','elective',3),(227,6,23,'3.2','elective',3),(228,6,24,'3.2','elective',3),(229,6,25,'3.2','elective',3),(230,6,26,'3.2','elective',3),(231,6,27,'3.2','elective',3),(232,6,28,'3.2','elective',3),(233,6,29,'3.2','elective',3),(234,6,30,'3.2','elective',3),(235,6,31,'4.1','required',4),(236,6,37,'4.2','elective',4),(237,6,38,'4.2','elective',4),(238,6,39,'4.2','elective',4),(239,6,40,'4.2','elective',4),(240,6,41,'4.2','elective',4),(241,6,42,'4.2','elective',4),(242,6,43,'4.2','elective',4),(243,6,44,'4.2','elective',4),(244,6,46,'5.1.1','required',5),(245,6,47,'5.1.2','required',5),(246,6,48,'5.2','elective',5),(247,6,49,'5.2','elective',5),(248,6,51,'5.2','elective',5),(249,6,53,'5.3','required',5),(250,6,54,'5.2','elective',5),(251,6,55,'5.2','elective',5),(252,6,56,'5.2','elective',5),(253,6,57,'5.2','elective',5),(254,7,58,'1.1','required',1),(255,7,59,'1.2','required',1),(256,8,60,'1.0','other',1),(257,9,61,'294','elective',3),(258,9,62,'295','elective',3),(259,9,63,'297','elective',3),(260,9,64,'298','elective',3),(261,9,65,'291','elective',4),(262,9,66,'293','elective',4),(263,9,67,'299','elective',4),(264,9,68,'300','elective',4),(265,10,69,'270','elective',4),(266,10,70,'271','elective',4),(267,10,71,'272','elective',4),(268,10,72,'273','elective',4),(269,10,73,'274','elective',4),(270,10,74,'275','elective',4),(271,10,75,'276','elective',4),(272,10,76,'277','elective',4),(273,10,77,'278','elective',4),(274,10,78,'279','elective',4),(275,9,79,'290','elective',5),(276,9,80,'292','elective',5),(277,9,81,'296','elective',5),(278,11,82,'320','elective',5),(279,11,83,'318','elective',5),(280,11,84,'312','elective',5),(281,11,85,'319','elective',5),(282,11,86,'316','elective',5),(283,11,87,'315','elective',5),(284,11,88,'321','elective',5),(285,11,89,'311','elective',5),(286,11,90,'313','elective',5),(287,11,91,'314','elective',5),(288,11,92,'317','elective',5);
/*!40000 ALTER TABLE `pathway_projects` ENABLE KEYS */;
UNLOCK TABLES;

--
-- Table structure for table `pathways`
--

DROP TABLE IF EXISTS `pathways`;
/*!40101 SET @saved_cs_client     = @@character_set_client */;
/*!50503 SET character_set_client = utf8mb4 */;
CREATE TABLE `pathways` (
  `id` int NOT NULL AUTO_INCREMENT,
  `name` varchar(50) DEFAULT NULL,
  `abbr` varchar(5) DEFAULT NULL,
  `type` varchar(20) DEFAULT NULL,
  `status` enum('active','inactive','obsolete') NOT NULL,
  PRIMARY KEY (`id`)
) ENGINE=InnoDB AUTO_INCREMENT=18 DEFAULT CHARSET=utf8mb3;
/*!40101 SET character_set_client = @saved_cs_client */;

--
-- Dumping data for table `pathways`
--

LOCK TABLES `pathways` WRITE;
/*!40000 ALTER TABLE `pathways` DISABLE KEYS */;
INSERT INTO `pathways` VALUES (1,'Dynamic Leadership','DL','pathway','active'),(2,'Engaging Humor','EH','pathway','active'),(3,'Motivational Strategies','MS','pathway','active'),(4,'Persuasive Influence','PI','pathway','active'),(5,'Presentation Mastery','PM','pathway','active'),(6,'Visionary Communication','VC','pathway','active'),(7,'Distinguished Toastmasters','DTM','program','active'),(8,'Generic','TM','dummy','active'),(9,'Successful Club Series','SC','presentation','active'),(10,'Better Speaker Series','BS','presentation','active'),(11,'Leadership Excellence Series','LE','presentation','active'),(12,'Club Coach Program','CCP','program','active'),(13,'Innovative Planning','IP','pathway','inactive'),(14,'Effective Coaching','EC','pathway','inactive'),(15,'Leadership Development','LD','pathway','inactive'),(16,'Strategic Relationships','SR','pathway','inactive'),(17,'Team Collaboration','TC','pathway','inactive');
/*!40000 ALTER TABLE `pathways` ENABLE KEYS */;
UNLOCK TABLES;

--
-- Table structure for table `permissions`
--

DROP TABLE IF EXISTS `permissions`;
/*!40101 SET @saved_cs_client     = @@character_set_client */;
/*!50503 SET character_set_client = utf8mb4 */;
CREATE TABLE `permissions` (
  `id` int NOT NULL AUTO_INCREMENT,
  `name` varchar(100) NOT NULL,
  `description` text,
  `category` varchar(50) DEFAULT NULL,
  `resource` varchar(50) DEFAULT NULL,
  `action` varchar(50) DEFAULT NULL,
  `created_at` datetime DEFAULT NULL,
  PRIMARY KEY (`id`),
  UNIQUE KEY `ix_permissions_name` (`name`),
  KEY `ix_permissions_category` (`category`)
) ENGINE=InnoDB AUTO_INCREMENT=38 DEFAULT CHARSET=utf8mb3;
/*!40101 SET character_set_client = @saved_cs_client */;

--
-- Dumping data for table `permissions`
--

LOCK TABLES `permissions` WRITE;
/*!40000 ALTER TABLE `permissions` DISABLE KEYS */;
INSERT INTO `permissions` VALUES (1,'ACHIEVEMENTS_EDIT','Permission to achievements edit','achievements','achievements','edit','2026-01-15 07:42:37'),(2,'ACHIEVEMENTS_VIEW','Permission to achievements view','achievements','achievements','view','2026-01-15 07:42:37'),(3,'AGENDA_EDIT','Permission to agenda edit','agenda','agenda','edit','2026-01-15 07:42:37'),(4,'AGENDA_VIEW','Permission to agenda view','agenda','agenda','view','2026-01-15 07:42:37'),(5,'BOOKING_ASSIGN_ALL','Permission to booking assign all','booking','booking','assign_all','2026-01-15 07:42:37'),(6,'BOOKING_BOOK_OWN','Permission to booking book own','booking','booking','book_own','2026-01-15 07:42:37'),(7,'CONTACT_BOOK_EDIT','Permission to contact book edit','contacts','contact_book','edit','2026-01-15 07:42:37'),(8,'CONTACT_BOOK_VIEW','Permission to contact book view','contacts','contact_book','view','2026-01-15 07:42:37'),(9,'PATHWAY_LIB_EDIT','Permission to pathway lib edit','pathways','pathway_library','edit','2026-01-15 07:42:37'),(10,'PATHWAY_LIB_VIEW','Permission to pathway lib view','pathways','pathway_library','view','2026-01-15 07:42:37'),(11,'ROSTER_VIEW','Permission to roster view','roster','roster','view','2026-01-15 07:42:37'),(12,'SETTINGS_EDIT_ALL','Permission to settings edit all','settings','settings','edit_all','2026-01-15 07:42:37'),(13,'SETTINGS_VIEW_ALL','Permission to settings view all','settings','settings','view_all','2026-01-15 07:42:37'),(14,'SPEECH_LOGS_EDIT_ALL','Permission to speech logs edit all','speech_logs','speech_logs','edit_all','2026-01-15 07:42:37'),(15,'SPEECH_LOGS_VIEW_ALL','Permission to speech logs view all','speech_logs','speech_logs','view_all','2026-01-15 07:42:37'),(16,'SPEECH_LOGS_VIEW_OWN','Permission to speech logs view own','speech_logs','speech_logs','view_own','2026-01-15 07:42:37'),(17,'VOTING_TRACK_PROGRESS','Permission to voting track progress','voting','voting','track_progress','2026-01-15 07:42:37'),(18,'VOTING_VIEW_RESULTS','Permission to voting view results','voting','voting','view_results','2026-01-15 07:42:37'),(25,'MEDIA_ACCESS','Access to external media URLs','agenda','agenda',NULL,'2026-01-22 05:52:17'),(32,'ABOUT_CLUB_VIEW','View club information and executive committee','club','club','view','2026-01-25 03:09:59'),(33,'ABOUT_CLUB_EDIT','Edit club information and executive committee','club','club','edit','2026-01-25 03:09:59'),(34,'ROSTER_EDIT','Edit club roster','club','roster','edit','2026-01-25 03:09:59'),(35,'LUCKY_DRAW_VIEW','View lucky draw','club','lucky_draw','view','2026-01-25 03:09:59'),(36,'LUCKY_DRAW_EDIT','Edit lucky draw','club','lucky_draw','edit','2026-01-25 03:09:59'),(37,'CLUBS_MANAGE','Manage all clubs features','club','club','manage','2026-01-25 03:09:59');
/*!40000 ALTER TABLE `permissions` ENABLE KEYS */;
UNLOCK TABLES;

--
-- Table structure for table `Projects`
--

DROP TABLE IF EXISTS `Projects`;
/*!40101 SET @saved_cs_client     = @@character_set_client */;
/*!50503 SET character_set_client = utf8mb4 */;
CREATE TABLE `Projects` (
  `id` int NOT NULL AUTO_INCREMENT,
  `Project_Name` varchar(255) NOT NULL,
  `Format` varchar(50) DEFAULT NULL,
  `Duration_Min` int DEFAULT NULL,
  `Duration_Max` int DEFAULT NULL,
  `Introduction` varchar(1000) DEFAULT NULL,
  `Overview` varchar(1000) DEFAULT NULL,
  `Purpose` varchar(255) DEFAULT NULL,
  `Requirements` varchar(500) DEFAULT NULL,
  `Resources` varchar(500) DEFAULT NULL,
  PRIMARY KEY (`id`)
) ENGINE=InnoDB AUTO_INCREMENT=93 DEFAULT CHARSET=utf8mb3;
/*!40101 SET character_set_client = @saved_cs_client */;

--
-- Dumping data for table `Projects`
--

LOCK TABLES `Projects` WRITE;
/*!40000 ALTER TABLE `Projects` DISABLE KEYS */;
INSERT INTO `Projects` VALUES (1,'Ice Breaker','Prepared Speech',4,6,'Ice Breaker (required)\nBEGINNING\nThis project marks the beginning of your Toastmasters journey. It is your opportunity to introduce yourself to the group and share something about yourself.\nCULMINATION\nThis project culminates in you giving a 4- to 6-minute speech, the first one that all Toastmasters present to their clubs.\nAs you work through this project, you will learn how to recognize skills you already have, build upon those skills to foster confidence, and identify areas for improvement.\nYou will learn to distinguish the basic elements of speech structure and utilize rehearsal techniques that balance preparation and spontaneity.','Write and deliver a speech about any topic to introduce yourself to your club. Your speech may be humorous, informational, or any other style that appeals to you.','The purpose of this project is to introduce yourself to the club and learn the basic structure of a public speech.','None.',''),(2,'Writing a Speech with Purpose','Prepared Speech',5,7,'Writing a Speech with Purpose (required)\nEach speech you deliver during your Toastmasters meetings or outside is a reflection of who you are and what you want to contribute. You may be looking to share information, entertain your audience, persuade or inspire them. Whatever your goal, the first step is to write a speech that has meaning, not only for you, but for every member of your audience. In this project you will learn strategies for selecting a topic, defining a purpose, and producing a well-written and organized speech. You will learn different organizational structures for speeches, and how to create clear transitions between sections of your speech','Select a topic that appeals to you. It can be anything. Be sure your topic is narrow enough to be an effective 5- to 7-minute speech. Clearly define your topic and consider your goal for your speech. Before you organize your speech, identify and express your purpose in a single sentence. Practice your speech and refine its organization. Present your speech at a club meeting.','The purpose of this project is to learn or review basic methods for writing a speech with a defined purpose and to present a well-organized speech on any topic.','Defining a general purpose and a specific purpose; Topic and Purpose Worksheet; The Speech Outline Worksheet','This project includes: \n■ Defining a general purpose and a specific purpose\n■ Topic and Purpose Worksheet\n■ The Speech Outline Worksheet\n■ A 5- to 7-minute speech'),(3,'Introduction to Vocal Variety and Body Language','Prepared Speech',5,7,'Introduction to Vocal Variety (required)\nYou hold within you the most powerful tools to succeed as a public speaker. Recognizing when to raise or lower your voice, how to use silence to add impact, and the power of movement and gestures to leave an impression on an audience are fundamental skills that when developed can bring any type of content to life. With time and practice, every Toastmaster can become skilled at using their voice, gestures, and body language to inspire an audience','Learn or review the importance of vocal variety and body language. Present a 5- to 7-minute speech on any topic at a club meeting. The primary focus of the evaluation is your vocal variety or your body language and gestures. You will identify the skills you are working on for your evaluator before you deliver your speech and be evaluated on those skills. Your speech can be persuasive, humorous, informational, or crafted in any style that appeals to you and supports your speech content.','The purpose of this project is to practice using vocal variety or body language to enhance a speech.','None.','This project includes: \n■ A 5- to 7-minute speech'),(4,'Evaluation and Feedback-First Speech','Prepared Speech',5,7,'Evaluation and Feedback (required)\nIn this project, you will learn strategies to effectively receive feedback and apply it to improve your public speaking and leadership skills. You will also learn how to deliver tactful and constructive feedback. You will gain an understanding of how to identify the type of feedback an individual requires and expects, the importance of using positive language in feedback, and the difference between feedback and advice.','This project includes two 5- to 7-minute speeches. Choose any topic for your first Evaluation and Feedback speech. After your speech, carefully review the feedback you received from your evaluator. At a future club meeting, present your second Evaluation and Feedback speech. You may create a new speech, revise your first Evaluation and Feedback speech, or present your first Evaluation and Feedback speech again if you are focusing on feedback you received on how you delivered your first Evaluation and Feedback speech. Your second speech should reflect some or all of the feedback you received after your first Evaluation and Feedback speech. Finally, after you have completed both speeches, serve as an evaluator at a club meeting and deliver constructive feedback about another member’s presentation.','The purpose of this project is to practice applying feedback and serve as a speech evaluator during a club meeting.','Speech Evaluator: Serve as a speech evaluator','This project includes: \n■ Speech one: A 5- to 7-minute speech on any topic\n■ Speech two: A 5- to 7-minute speech on any topic, that incorporating at least some of the feedback received from speech one. This may be the same speech as speech one, a revision of that speech, or an entirely new speech depending on feedback and your goals.\n■ Speech Evaluator: Serve as a speech evaluator'),(5,'Evaluation and Feedback-Second Speech','Prepared Speech',5,7,'Evaluation and Feedback (required)\nIn this project, you will learn strategies to effectively receive feedback and apply it to improve your public speaking and leadership skills. You will also learn how to deliver tactful and constructive feedback. You will gain an understanding of how to identify the type of feedback an individual requires and expects, the importance of using positive language in feedback, and the difference between feedback and advice.','This project includes two 5- to 7-minute speeches. Choose any topic for your first Evaluation and Feedback speech. After your speech, carefully review the feedback you received from your evaluator. At a future club meeting, present your second Evaluation and Feedback speech. You may create a new speech, revise your first Evaluation and Feedback speech, or present your first Evaluation and Feedback speech again if you are focusing on feedback you received on how you delivered your first Evaluation and Feedback speech. Your second speech should reflect some or all of the feedback you received after your first Evaluation and Feedback speech. Finally, after you have completed both speeches, serve as an evaluator at a club meeting and deliver constructive feedback about another member’s presentation.','The purpose of this project is to practice applying feedback and serve as a speech evaluator during a club meeting.','Speech Evaluator: Serve as a speech evaluator','This project includes: \n■ Speech one: A 5- to 7-minute speech on any topic\n■ Speech two: A 5- to 7-minute speech on any topic, that incorporating at least some of the feedback received from speech one. This may be the same speech as speech one, a revision of that speech, or an entirely new speech depending on feedback and your goals.\n■ Speech Evaluator: Serve as a speech evaluator'),(6,'Evaluation and Feedback-Individual Evaluation','Evaluation',2,3,'Evaluation and Feedback (required)\nIn this project, you will learn strategies to effectively receive feedback and apply it to improve your public speaking and leadership skills. You will also learn how to deliver tactful and constructive feedback. You will gain an understanding of how to identify the type of feedback an individual requires and expects, the importance of using positive language in feedback, and the difference between feedback and advice.','This project includes two 5- to 7-minute speeches. Choose any topic for your first Evaluation and Feedback speech. After your speech, carefully review the feedback you received from your evaluator. At a future club meeting, present your second Evaluation and Feedback speech. You may create a new speech, revise your first Evaluation and Feedback speech, or present your first Evaluation and Feedback speech again if you are focusing on feedback you received on how you delivered your first Evaluation and Feedback speech. Your second speech should reflect some or all of the feedback you received after your first Evaluation and Feedback speech. Finally, after you have completed both speeches, serve as an evaluator at a club meeting and deliver constructive feedback about another member’s presentation.','The purpose of this project is to practice applying feedback and serve as a speech evaluator during a club meeting.','Speech Evaluator: Serve as a speech evaluator','This project includes: \n■ Speech one: A 5- to 7-minute speech on any topic\n■ Speech two: A 5- to 7-minute speech on any topic, that incorporating at least some of the feedback received from speech one. This may be the same speech as speech one, a revision of that speech, or an entirely new speech depending on feedback and your goals.\n■ Speech Evaluator: Serve as a speech evaluator'),(7,'Know Your Sense of Humor','Prepared Speech',5,7,'Know your sense of humor (elective)','Give a 5- to 7-minute speech on a topic of your choosing. Your speech should include at least one anecdote or story intended to entertain or bring humor into your presentation.','The purpose of this project is to begin developing a collection of humorous stories and to present a speech that includes humor.','None',''),(8,'Understanding Your Communication Style','Prepared Speech',5,7,'Understanding Your Communication Style (required)\nThis project focuses on recognizing your preferred communication style and understanding how your style impacts your interactions with others.','Complete the Discover Your Communication Style questionnaire to help you identify your style. Deliver a 5- to 7-minute speech at a club meeting about your communication style and its impact on your professional and&#x2F;or personal relationships. If you are uncomfortable discussing your communication style, you may speak about the communication styles you have encountered and how they impact you. Your speech should not be a report of the content of this project.','The purpose of this project is to learn about different communication styles and identify your primary style.','The Discover Your Communication Style questionnaire','This project includes: \n■ The Discover Your Communication Style questionnaire\n■ A 5- to 7-minute speech'),(9,'Understanding Your Leadership Style','Prepared Speech',5,7,'Understanding Your Leadership Style (required)\nThis project is designed to introduce the different styles of leadership and help you identify your preferred style.\n','Complete the Discover Your Leadership Style questionnaire. Consider how your leadership style impacts the people around you and how you can adjust it to more effectively lead people with styles different from your own. Deliver a 5- to 7-minute speech at a club meeting to share some aspect of your leadership style or leadership styles in general. You may choose to discuss your style preferences when working with others, your style and how you can adapt it to situations, or leadership styles in general and how they impact a group.','The purpose of this project is to identify your primary leadership style or styles.','The Discover Your Leadership Style questionnaire','This project includes: \n■ The Discover Your Leadership Style questionnaire\n■ A 5- to 7-minute speech'),(10,'Active Listening','Table Topic',20,30,'Active Listening (elective)\nThis project covers the difference between hearing and listening, and steps for exploring the ways listening helps build strong, lasting connections.','At a club meeting, fulfill the role of Topicsmaster. As Topicsmaster, comment on each speaker’s Table Topics® speech to demonstrate your active listening skills. For example, you might say, “Thank you. That was a compelling opinion on the benefits of gardening. I understand you feel strongly that everyone needs to spend some time doing something they love.','The purpose of this project is to demonstrate your ability to listen to what others say.','Serving as Topicsmaster at a club meeting','This project includes: \n■ Serving as Topicsmaster at a club meeting'),(11,'Connect with Your Audience','Prepared Speech',5,7,'Connect with Your Audience (elective)\nThis project focuses on different audience types and how to address them effectively.','Develop a 5- to 7-minute speech on a topic that is unfamiliar to the majority of your audience. Because you deliver this speech in your Toastmasters club, you are familiar with the audience members’ preferences and personalities. Selecting a topic that is new or unfamiliar to your club members will allow you to practice adapting as you present. As you speak, monitor the audience’s reaction to your topic and adapt as necessary to maintain engagement.','The purpose of this project is to practice the skills needed to connect with an unfamiliar audience.','','This project includes: \n■ A 5- to 7-minute speech'),(12,'Effective Body Language','Prepared Speech',5,7,'Effective Body Language (required)\nThis project focuses on how to recognize body language used when speaking publicly and how to use gestures to enhance speech content.','Prepare a 5- to 7-minute speech on a topic that lends itself to expression through your movement and gestures. Video record your presentation and get feedback from your mentor or another reviewer before speaking to your club. If you do not have access to a recording device, perform your speech in front of a mirror and make adjustments before your scheduled speech.','The purpose of this project is to deliver a speech with awareness of your intentional and unintentional body language, as well as to learn, practice, and refine how you use nonverbal communication when delivering a speech.','■ A 5- to 7-minute speech','https://www.youtube.com/watch?v=ZK3jSXYBNak\n\n<iframe width=\"560\" height=\"315\" src=\"https://www.youtube.com/embed/eOoCe3An4VE?si=1t6Y5n9_VA6Qk0yZ\" title=\"YouTube video player\" frameborder=\"0\" allow=\"accelerometer; autoplay; clipboard-write; encrypted-media; gyroscope; picture-in-picture; web-share\" referrerpolicy=\"strict-origin-when-cross-origin\" allowfullscreen></i'),(13,'Introduction to Toastmasters Mentoring','Prepared Speech',5,7,'Introduction to Toastmasters Mentoring (required)\nThis project introduces the value of mentorship and the Toastmasters view of mentors and protégés.','Write and present a 5- to 7-minute speech about a time when you were a protégé. Share the impact and importance of having a mentor. This speech is not a report on the content of this project.','The purpose of this project is to clearly define how Toastmasters envisions mentoring.','None','This project includes: \n■ A 5- to 7-minute speech'),(14,'Develop a Communication Plan','Prepared Speech',5,7,'Develop a Communication Plan (required)\nThis project focuses on how to formulate a central message and develop a communication plan for a target audience.','Develop a communication plan for any event or situation. The plan may be for a real or hypothetical need. At a club meeting, present a 5- to 7-minute speech about your experience. You may choose to speak about the planning process, the benefits of developing a plan, or the impact of your plan if you implemented it. Show your vice president education your completed plan to receive credit for this project.','The purpose of this project is to practice developing a communication plan.','Developing a communication plan; The Write a Communication Plan resource','This project includes: \n■ Developing a communication plan\n■ The Write a Communication Plan resource\n■ A 5- to 7-minute speech'),(15,'Engage Your Audience with Humor','Prepared Speech',5,7,'Engage Your Audience with Humor (required)','','The purpose of this project is for the member to determine their style of humor and apply it to a speech that centers around a central message.','',''),(16,'Negotiate the Best Outcome','Prepared Speech',5,7,'Negotiate the Best Outcome (required)\nThis project focuses on identifying negotiation styles, engaging in mutually beneficial discussions, and finding and building common ground.\n\n','Develop a 5- to 7-minute speech about a past or upcoming negotiation in your life. The negotiation must be one that you have participated in or will participate in. You may choose to reflect on the strategies you used or those that you believe would be the most beneficial in the future. Your speech can be persuasive, humorous, informational, or crafted in any style that appeals to you and supports your speech content.','The purpose of this project is to learn about different types of negotiation and the strategies that can be used when negotiating.','Analyzing a past or future negotiation in your life; The Negotiation Goal Setting resource','This project includes: \n■ Analyzing a past or future negotiation in your life\n■ The Negotiation Goal Setting resource\n■ A 5- to 7-minute speech'),(17,'Persuasive Speaking','Prepared Speech',5,7,'Persuasive Speaking (required)\nThis project focuses on helping you to develop and support a viewpoint, and identify the most appropriate type of persuasive speech for your topic.\n','Choose any topic that lends itself to speaking persuasively and prepare a speech. Present your 5- to 7-minute speech at a club meeting. If your vice president education approves a non-club event or group, your evaluator must be present for your speech.','The purpose of this project is to understand the types of persuasive speeches and deliver a persuasive speech at a club meeting.','The Persuasive Speech Outline Worksheet','This project includes: \n■ The Persuasive Speech Outline Worksheet\n■ A 5- to 7-minute speech'),(18,'Understanding Conflict Resolution','Prepared Speech',5,7,'Understanding Conflict Resolution (required)\nThis project is designed to introduce conflict resolution strategies and provide an opportunity to resolve a conflict scenario within an interactive activity.','Complete the conflict resolution video activity in the project. Prepare a 5- to 7-minute speech to discuss how you manage conflict, how you can develop a stronger strategy, and your best attributes in a conflict situation. You may also share the impact of the video activity. Your speech may be humorous, informational, or any style that appeals to you. This project is not a report on or a critique of the content of this project.','The purpose of this project is to develop or enhance your understanding of the steps and strategies to address conflict.','A conflict resolution video activity','This project includes: \n■ A conflict resolution video activity\n■ A 5- to 7-minute speech'),(19,'Understanding Emotional Intelligence','Prepared Speech',5,7,'Understanding Emotional Intelligence (required)\nThis project addresses elements of emotional intelligence. It is designed to help you understand your own emotions and the emotions of others.','For a minimum of two weeks, keep a journal about your emotions and how they impact you and others. Discuss the impact of tracking your emotions in a 5- to 7-minute speech at a club meeting. (Note: You are not required to share the intimacies of your experience.) Finally, submit the signed Project Completion Form to your vice president education to indicate you completed your journal.','The purpose of this project is to cultivate an understanding of how your emotions impact your relationships. It is also designed to help you identify how others’ emotions impact your emotional state.','A journal you maintain for a minimum of two weeks; The Project Completion Form','This project includes: \n■ A journal you maintain for a minimum of two weeks\n■ The Project Completion Form\n■ A 5- to 7-minute speech'),(20,'Connect with Storytelling','Prepared Speech',5,7,'Connect with Storytelling (elective)\nThis project addresses storytelling techniques and descriptive skills to help make every speech relatable and interesting.','Choose an established story, a story about your life, or a fictional tale of your own creation. Deliver the 5- to 7-minute speech at a club meeting.','The purpose of this project is to practice using a story within a speech or giving a speech that is a story.','','This project includes: \n■ A 5- to 7-minute speech'),(21,'Creating Effective Visual Aids','Prepared Speech',5,7,'Creating Effective Visual Aids (elective)\nThis project addresses effective methods for choosing the best visual aid for your presentation along with the creation and use of each type.','Choose a speech topic that lends itself well to using visual aids. Create at least one but no more than three visual aids to enhance your presentation. Deliver your 5- to 7-minute presentation at a club meeting.','The purpose of this project is to practice selecting and using a variety of visual aids during a speech.','Creating one to three visual aids','This project includes: \n■ Creating one to three visual aids\n■ A 5- to 7-minute speech'),(22,'Deliver Social Speeches-FIRST SPEECH','Prepared Speech',3,4,'Deliver Social Speeches (elective)\nThis project addresses the skills needed to compose a speech for a social occasion including a toast, eulogy, an acceptance speech and a speech praising an individual or group.','Develop two different social speeches—each 3 to 4 minutes—and present them at two separate club meetings. You may choose any two types of social speeches that appeal to you or that you would like to practice.','The purpose of this project is to practice delivering social speeches in front of your club members.','The Social Speech Basics resource','This project includes: \n■ The Social Speech Basics resource\n■ Two 3- to 4-minute speeches'),(23,'Deliver Social Speeches-SECOND SPEECH','Prepared Speech',3,4,'Deliver Social Speeches (elective)\nThis project addresses the skills needed to compose a speech for a social occasion including a toast, eulogy, an acceptance speech and a speech praising an individual or group.','Develop two different social speeches—each 3 to 4 minutes—and present them at two separate club meetings. You may choose any two types of social speeches that appeal to you or that you would like to practice.','The purpose of this project is to practice delivering social speeches in front of your club members.','The Social Speech Basics resource','This project includes: \n■ The Social Speech Basics resource\n■ Two 3- to 4-minute speeches'),(24,'Focus on the Positive','Prepared Speech',5,7,'Focus on the Positive (elective)\nThis project addresses strategies for improving your personal interactions by understanding the impact of your attitudes and thoughts on daily interactions.','Keep a daily record of your moods and attitudes for a minimum of two weeks, noting when you feel positive or negative, your successes and efforts, and three things for which you are grateful. Record and evaluate any changes in your behavior or the behavior of those around you. At a club meeting, share some aspect of your experience. You may choose to schedule a 2-to 3-minute report or a 5-to 7-minute speech. After completing your speech, submit your signed Project Completion Form to your vice president education to indicate you completed the journal.','The purpose of this project is to practice being aware of your thoughts and feelings, as well as the impact of your responses on others.','Recording your daily moods and attitudes for a minimum of two weeks; The Project Completion Form','This project includes: \n■ Recording your daily moods and attitudes for a minimum of two weeks\n■ A 2- to 3-minute report or a 5- to 7-minute speech\n■ The Project Completion Form'),(25,'Inspire Your Audience','Prepared Speech',5,7,'Inspire Your Audience (elective)\nThis project addresses how to present a speech in an enthusiastic and inspiring fashion to establish a strong rapport with your audience.','Select a topic with the intent of inspiring your audience and prepare a 5- to 7-minute speech for your club.','The purpose of this project is to practice writing and delivering a speech that inspires others.','','This project includes: \n■ A 5- to 7-minute speech'),(26,'Make Connections Through Networking','Prepared Speech',5,7,'Make Connections Through Networking (elective)\nThis project focuses on how to network effectively and understanding the importance of being a professional ally to people in your network.\n','Prepare for and attend a networking event. After the event, present a 5- to 7-minute speech to your club. Your speech can include a story or stories about your experience, a description of what you learned, or a discussion on the benefits of networking. Your speech may be personal to you or informational about networking. If you attend a non-Toastmasters event, you must sign the Project Completion Form and give it to your vice president education.','The purpose of this project is to develop and practice a personal strategy for building connections through networking.','The Prepare to Network resource; Attending a networking event; The Project Completion Form','This project includes: \n■ The Prepare to Network resource\n■ Attending a networking event\n■ The Project Completion Form\n■ A 5- to 7-minute speech'),(27,'Prepare for an Interview','Role-Play Interview',5,7,'Prepare for an Interview (elective)\nThis project addresses the skills you need to identify and speak about personal strengths and present yourself well in an interview of any type.\n','Determine which type of interview you would like to practice, such as a job or expert interview. Prepare by reviewing your skills and abilities. Complete the resources in the project and give them to your interviewer before your presentation. You determine which member of your club interviews you, but your interviewer must be someone other than your evaluator. In a 5- to 7-minute role-play presentation at a club meeting, practice answering interview questions to promote your skills, abilities, and experience.','The purpose of this project is to practice the skills needed to present yourself well in an interview.','The Identifying Your Skills Worksheet; The Interviewer Instructions resource','This project includes: \n■ The Identifying Your Skills Worksheet\n■ The Interviewer Instructions resource\n■ A 5- to 7-minute role-play interview at a club meeting'),(28,'Understanding Vocal Variety','Prepared Speech',5,7,'Understanding Vocal Variety (elective)\nThis project addresses the importance of vocal variety when giving a speech and provides activities to develop and nurture its use.\n','Learn or review the importance of vocal variety. Use the exercises in this project to improve your vocal variety skills. Then, present a 5- to 7-minute speech on any topic at a club meeting. The primary focus of the evaluation is your vocal variety.','The purpose of this project is to practice using vocal variety to enhance a speech.','','This project includes: \n■ A 5- to 7-minute speech'),(29,'Using Descriptive Language','Prepared Speech',5,7,'Using Descriptive Language (elective)\nThis project addresses the difference between literal and figurative language along with how to determine when to use each to create vivid descriptions.\n','You may speak on any topic. Develop a 5- to 7-minute speech describing the topic in detail and present it at your club meeting.','The purpose of this project is to practice writing a speech with an emphasis on adding language to increase interest and impact.','','This project includes: \n■ A 5- to 7-minute speech'),(30,'Using Presentation Software','Prepared Speech',5,7,'Using Presentation Software (elective)\nThis project addresses the use of presentation software—from identifying topics that benefit from the use of technology to effective slide design and presentation.','Select a speech topic that lends well to a visual presentation using technology. Use the content of this project and your own research to help you develop your slides. Give a 5- to 7-minute speech using the slides you developed. Your speech can be humorous, demonstrative, or informational, and it may include stories or anecdotes.','The purpose of this project is to introduce or review basic presentation software strategies for creating and using slides to support or enhance a speech.','Developing presentation slides','This project includes: \n■ Developing presentation slides\n■ A 5- to 7-minute speech'),(31,'Communicate Change','Prepared Speech',5,7,'Communicate Change (required)\nThis project focuses on creating a communication plan by gathering evidence to support the need for change and communicating change with your audience.\n','Develop a plan for communicating a change to an audience affected by the change. At a club meeting, communicate the change in a 5- to 7-minute speech. You may speak about a real or hypothetical change that affects your club or another group in your life. This speech is not a report on the content of this project, but a speech about how you would or will communicate a real or hypothetical change.','The purpose of this project is to practice the skills needed to effectively communicate change to a group or organization.','Developing a plan for communicating change','This project includes: \n■ Developing a plan for communicating change\n■ A 5- to 7-minute speech'),(32,'Leading in Difficult Situations','Prepared Speech',5,7,'Leading in Difficult Situations (required)\nThis project focuses on the fundamentals of managing challenges, analyzing difficult situations and identifying best strategies for overcoming adversity.','Design and complete a project plan for any event or set of goals. Your plan may be real or hypothetical. Add as many details to your plan as possible for the best success of this project. In a 5- to 7-minute speech at a club meeting, share your plan. Distribute copies of the Plan Disruption Ideas resource to club members and allow them 2 to 3 minutes to discuss possible disruptions to your plan. Listen and present impromptu solutions to the disruptions introduced by club members. The total time to complete this assignment in a club meeting is 15 to 20 minutes.','The purpose of this project is to practice strategies for adjusting to unexpected changes to a finalized plan.','Designing a detailed project plan; The Project Plan resource; The Project Plan Overview resource; The Plan Disruption Ideas resource','This project includes: \n■ Designing a detailed project plan\n■ The Project Plan resource\n■ The Project Plan Overview resource\n■ The Plan Disruption Ideas resource\n■ A 5- to 7-minute speech to share your plan\n■ An impromptu speech to present solutions to disruptions'),(33,'Manage Change','Prepared Speech',5,7,'Manage Change (required)\nThis project focuses on how to plan for change, develop a communication plan, and identify obstacles to success.','Create a change management plan for a real or hypothetical situation. You may create a plan that is based on a past change or a future change that is happening in your personal, Toastmasters, or professional life. Share your change management plan with your club in a 5- to 7-minute speech. Your speech may be humorous, informational, or any other style that appeals to you. It is not a report on what you learned from the project, but an overview of your plan and how it will benefit you and the group the change affects.','The purpose of this project is to practice developing a change management plan.','Creating a change management plan; The Prepare for Change Worksheet; The Write a Communication Plan resource','This project includes: \n■ Creating a change management plan\n■ The Prepare for Change Worksheet\n■ The Write a Communication Plan resource\n■ A 5- to 7-minute speech'),(34,'Managing a Difficult Audience','Prepared Speech',12,15,'Managing a Difficult Audience (required)\nThis project covers common behaviors of difficult audience members and how to address each behavior in a calm, effective and professional way.','Prepare a 5- to 7-minute speech on a topic of your choosing. You may write a new speech or use a speech you presented previously. You will be evaluated on the way you manage audience disruptions, not the content of your speech. Before your club meeting, send the Role Play Assignments resource to the Toastmaster and vice president education. As you present your speech, respond to different types of difficult audience members that disrupt you. The process of speaking and responding to audience members will take 12 to 15 minutes.','The purpose of this project is to practice the skills needed to address audience challenges when you present outside of your Toastmasters club.','A role play assignment for club members','This project includes: \n■ A role play assignment for club members\n■ A 5-to 7-minute speech'),(35,'Motivate Others','Prepared Speech',5,7,'Motivate Others (required)\nThis project focuses on how people are motivated. It is designed to help you build your leadership skills by effectively motivating team members.','Build a team of three to four people to help you create and complete a project to benefit your club. Use the information in the project to develop motivational strategies for each team member. After the project, you may choose to ask team members and at least one club officer to complete a 360° evaluation to give you feedback on your communication and leadership. Deliver a 5- to 7-minute speech at a club meeting about your experience. Your speech is not a report on the content of this project.','The purpose of this project is to practice the skills needed to motivate team members through the completion of a project.','Building and motivating a team to complete a project that benefits your club; The Team-Building Activities resource; The 360¬∞ Evaluation resource','This project includes: \n■ Building and motivating a team to complete a project that benefits your club\n■ The Team-Building Activities resource\n■ The 360° Evaluation resource\n■ A 5- to 7-minute speech'),(36,'The Power of Humor in an Impromptu Speech','Prepared Speech',4,6,'The Power of Humor In an Impromptu Speech (required)','','The purpose of this project is for the member to develop their method for giving impromptu speeches and practice adapting rehearsed stories during a presentation.','',''),(37,'Building a Social Media Presence','Prepared Speech',5,7,'Building a Social Media Presence (elective)\nThis project addresses how best to use different types of online communication. You will create and maintain an online profile to promote yourself or an organization.','Use this project and your own research to build a new social media presence or enhance an existing presence. You may focus on a personal goal (such as connecting with old friends or promoting a blog) or on a professional goal (such as promoting a business or organization). Use the tools you identify as best for you and your purpose. After you achieve your goal, deliver a 5- to 7-minute speech to your club about your results, experience, and the benefits of social media. Submit the Project Completion Form to your vice president education to receive credit for completing the project.','The purpose of this project is to apply your understanding of social media to enhance an established or new social media presence.','Establishing or enhancing a social media presence; The Project Completion Form','This project includes: \n■ Establishing or enhancing a social media presence\n■ The Project Completion Form\n■ A 5- to 7-minute speech'),(38,'Create a Podcast','Prepared Speech',2,3,'Create a Podcast (elective)\nThis project addresses the skills you need to develop a podcast, create interesting content and organize a cohesive program. You will learn how to record and upload it to the internet','Use this project and your own research to create a podcast. Record a minimum of 60 minutes of content. You are free to divide the episodes as you choose. Each separate episode must be at least 10 minutes, but may be longer if it fits your topic and style. After you record all content, play a 5- to 10-minute segment in your club. Introduce the segment in a 2- to 3-minute speech.','The purpose of this project is to introduce you to the skills needed to organize and present a podcast.','Recording 60 minutes of podcast content','This project includes: \n■ Recording 60 minutes of podcast content\n■ A 2- to 3-minute introduction speech'),(39,'Manage Online Meetings','Meeting Manager',20,30,'Manage Online Meetings (elective)\nThis project addresses how to effectively conduct online meetings and webinars, prepare and organize necessary visual aids, and lead with confidence.','Conduct a 20- to 25-minute online meeting with fellow Toastmasters or a 20- to 25-minute webinar with visual aids for fellow Toastmasters. You determine the topic of your meeting or webinar. Research and use software that best fits your needs and geographic area. Invite your evaluator to participate in the online meeting or webinar. If you complete your assignment with non-Toastmasters, you must receive approval from the vice president education and invite your evaluator to attend.','The purpose of this project is to practice facilitating an online meeting or leading a webinar.','The Online Meeting Agenda resource; The Online Meeting Basics resource; Planning and conducting a 20- to 25-minute online meeting or webinar','This project includes: \n■ The Online Meeting Agenda resource\n■ The Online Meeting Basics resource\n■ Planning and conducting a 20- to 25-minute online meeting or webinar'),(40,'Manage Projects Successfully-Plan Speech','Prepared Speech',2,3,'Manage Projects Successfully (elective)\nThis project focuses on skills needed to effectively manage a project, develop rapport with stakeholders and cultivate strong relationships with a team.','Form a team of three to four people and choose a project. Create a plan for your project and present the plan to your club in a 2- to 3-minute speech. Work with your team to complete your project. Present a 5- to 7-minute speech about your experience. This speech may be humorous, informational, or any type of speech that appeals to you. It should not be a report about the content of this project, but a reflection of your experience applying what you learned.','The purpose of this project is to practice developing a plan, building a team, and fulfilling the plan with the help of your team.','Building a team; Creating a project plan; The Project Plan resource; Completing the plan with your team','This project includes: \n■ Building a team\n■ Creating a project plan\n■ The Project Plan resource\n■ A 2- to 3-minute speech about your plan\n■ Completing the plan with your team\n■ A 5- to 7-minute speech about your experience'),(41,'Manage Projects Successfully-Experience Speech','Prepared Speech',5,7,'Manage Projects Successfully (elective)\nThis project focuses on skills needed to effectively manage a project, develop rapport with stakeholders and cultivate strong relationships with a team.','Form a team of three to four people and choose a project. Create a plan for your project and present the plan to your club in a 2- to 3-minute speech. Work with your team to complete your project. Present a 5- to 7-minute speech about your experience. This speech may be humorous, informational, or any type of speech that appeals to you. It should not be a report about the content of this project, but a reflection of your experience applying what you learned.','The purpose of this project is to practice developing a plan, building a team, and fulfilling the plan with the help of your team.','Building a team; Creating a project plan; The Project Plan resource; Completing the plan with your team','This project includes: \n■ Building a team\n■ Creating a project plan\n■ The Project Plan resource\n■ A 2- to 3-minute speech about your plan\n■ Completing the plan with your team\n■ A 5- to 7-minute speech about your experience'),(42,'Public Relations Strategies','Prepared Speech',5,7,'Public Relations Strategies (elective)\nThis project focuses on how to promote awareness of an organization, formulate a public relations strategy and use various public relations tactics.\n\n','Create a public relations plan for a real or hypothetical group or situation. If it involves your club, it must be hypothetical unless you communicate with the vice president public relations and club president. Share your plan in a 5- to 7-minute speech at a club meeting. This speech is not a report on the content of this project, but an example of how you will or might apply what you learned.','The purpose of this project is to practice the skills needed to effectively use public relations strategies for any group or situation.','Creating a public relations strategy','This project includes: \n■ Creating a public relations strategy\n■ A 5- to 7-minute speech'),(43,'Question-and-Answer Session','Prepared Speech',15,20,'Question-and-Answer Session (elective)\nThis project addresses how to prepare to answer questions and provide information clearly, concisely and with confidence.','Select a topic of which you are particularly knowledgeable. Prepare and deliver a speech on this topic, followed by a question-and-answer session. Together, the speech and question-and-answer session must be 15 to 20 minutes. Use your time effectively to ensure both segments are completed.','The purpose of this project is to learn about and practice facilitating a question-and-answer session.','A question-and-answer session after the speech','This project includes: \n■ A 5-to 7-minute speech\n■ A question-and-answer session after the speech'),(44,'Write a Compelling Blog','Prepared Speech',2,3,'Write a Compelling Blog (elective)\nThis project addresses the basics of developing a compelling blog and successfully engaging a readership','Post a minimum of eight blog posts in one month. Your blog may be new or one you have already established. You must receive approval from the vice president education to blog on behalf of your club. Deliver a 2- to 3-minute speech at a club meeting about the impact of your blogging experience. You may choose to have your blog evaluated by members of the club. Submit your signed Project Completion Form to the vice president education to receive credit for this project.','The purpose of this project is to review or introduce the skills needed to write and maintain a blog.','Maintaining a blog and posting at least eight times in one month; The Blog Evaluation Form; The Project Completion Form','This project includes: \n■ Maintaining a blog and posting at least eight times in one month\n■ The Blog Evaluation Form\n■ The Project Completion Form\n■ A 2- to 3-minute speech'),(45,'Deliver Your Message with Humor','Prepared Speech',5,7,'Deliver Your Message With Humor (required)','','The purpose of this project is for the member to practice developing and presenting a longer humorous speech.','',''),(46,'Develop Your Vision - First Speech','Prepared Speech',5,7,'Develop Your Vision (required)\nThis project focuses on developing a vision for your work or personal life.\n','Develop a vision and present it at a club meeting in a 5- to 7-minute speech. Establish a timeline for implementing your plan using the resources included in this project. Deliver another 5- to 7-minute speech at a later meeting to present your plan to bring your vision to fruition. Submit your signed Project Completion Form to the vice president education to show you completed all resources included in the project.','The purpose of this project is to develop a detailed vision for your personal life, professional life, or an organization.','Developing a vision and establishing a plan to implement it; The Idea Map Worksheet; The Goal Setting Worksheet; The Goal Task List; The Vision Plan resource; The Project Completion Form','This project includes: \n■ Developing a vision and establishing a plan to implement it\n■ The Idea Map Worksheet\n■ The Goal Setting Worksheet\n■ The Goal Task List\n■ The Vision Plan resource\n■ Two 5- to 7-minute speeches\n■ The Project Completion Form'),(47,'Develop Your Vision - Second Speech','Prepared Speech',5,7,'Develop Your Vision (required)\nThis project focuses on developing a vision for your work or personal life.\n','Develop a vision and present it at a club meeting in a 5- to 7-minute speech. Establish a timeline for implementing your plan using the resources included in this project. Deliver another 5- to 7-minute speech at a later meeting to present your plan to bring your vision to fruition. Submit your signed Project Completion Form to the vice president education to show you completed all resources included in the project.','The purpose of this project is to develop a detailed vision for your personal life, professional life, or an organization.','Developing a vision and establishing a plan to implement it; The Idea Map Worksheet; The Goal Setting Worksheet; The Goal Task List; The Vision Plan resource; The Project Completion Form','This project includes: \n■ Developing a vision and establishing a plan to implement it\n■ The Idea Map Worksheet\n■ The Goal Setting Worksheet\n■ The Goal Task List\n■ The Vision Plan resource\n■ Two 5- to 7-minute speeches\n■ The Project Completion Form'),(48,'High Performance Leadership-First Speech','Prepared Speech',5,7,'High Performance Leadership (elective)\nThe focus of this project is to design and complete a project with well-defined goals, lead a team and be accountable to a guidance committee.','Select a project to complete with a team of at least three other members. Form a guidance committee and meet at least five times through the duration of the project. Deliver a 5-to 7-minute speech at a club meeting to introduce your plan and vision. After you implement the plan, deliver a second 5- to 7-minute speech at a club meeting to share your experience developing and completing your plan.','The purpose of this project is to apply your leadership and planning knowledge to develop a project plan, organize a guidance committee, and implement your plan with the help of a team.','Selecting, leading, and completing a project with a team; Forming and meeting with a guidance committee at least five times; The Guidance Committee Introduction resource; The Meeting Agenda resource; The Project Plan Overview resource; The Project Plan resource; The Vision Plan resource; The Event Planning Worksheet; The 360¬∞ Evaluation resource','This project includes: \n■ Selecting, leading, and completing a project with a team\n■ Forming and meeting with a guidance committee at least five times\n■ The Guidance Committee Introduction resource\n■ The Meeting Agenda resource\n■ The Project Plan Overview resource\n■ The Project Plan resource\n■ The Vision Plan resource\n■ The Event Planning Worksheet\n■ The 360° Evaluation resource\n■ Two 5- to 7-minute speeches'),(49,'High Performance Leadership-Second Speech','Prepared Speech',5,7,'High Performance Leadership (elective)\nThe focus of this project is to design and complete a project with well-defined goals, lead a team and be accountable to a guidance committee.','Select a project to complete with a team of at least three other members. Form a guidance committee and meet at least five times through the duration of the project. Deliver a 5-to 7-minute speech at a club meeting to introduce your plan and vision. After you implement the plan, deliver a second 5- to 7-minute speech at a club meeting to share your experience developing and completing your plan.','The purpose of this project is to apply your leadership and planning knowledge to develop a project plan, organize a guidance committee, and implement your plan with the help of a team.','Selecting, leading, and completing a project with a team; Forming and meeting with a guidance committee at least five times; The Guidance Committee Introduction resource; The Meeting Agenda resource; The Project Plan Overview resource; The Project Plan resource; The Vision Plan resource; The Event Planning Worksheet; The 360¬∞ Evaluation resource','This project includes: \n■ Selecting, leading, and completing a project with a team\n■ Forming and meeting with a guidance committee at least five times\n■ The Guidance Committee Introduction resource\n■ The Meeting Agenda resource\n■ The Project Plan Overview resource\n■ The Project Plan resource\n■ The Vision Plan resource\n■ The Event Planning Worksheet\n■ The 360° Evaluation resource\n■ Two 5- to 7-minute speeches'),(50,'Lead in Any Situation','Prepared Speech',8,10,'Lead in Any Situation (required)\nThis project focuses on leadership and recognizing the need to adapt your style based on the situation and the people you lead.','For at least six months, take on a leadership role in Toastmasters (at any level), within another volunteer organization, or in your career. While serving in your role, ask your peers to complete a 360° evaluation. Present an 8- to 10-minute speech about your experience as a leader. Your speech may be humorous, informational, or any type that appeals to you. The speech is not a report on the content of this project, but a reflection of your experience and&#x2F;or the impact of the 360° evaluation.','The purpose of this project is to apply the skills needed to successfully lead in a volunteer or other organization.','Serving in a leadership for a minimum of six months; A 360¬∞ evaluation','This project includes: \n■ Serving in a leadership for a minimum of six months\n■ A 360° evaluation\n■ An 8- to 10-minute speech'),(51,'Prepare to Speak Professionally','Keynote Speech',18,22,'Prepare to Speak Professionally (required)\nThis project is designed to help you define the attributes of professional speakers and apply that understanding to your own skills as a speaker.\n\n','Write and present an 18- to 22-minute keynote-style speech. Exemplify the point of view or message you would convey as a professional-level speaker. You may choose to use visual aids if they fit your speech and your style. Your speech may be humorous, informational, or any style that appeals to you and supports your speech content. If you receive advance approval from the vice president education, you may present your speech to a nonToastmasters group.','The purpose of this project is to practice developing and presenting a longer speech.','The Speech Outline Worksheet','This project includes: \n■ The Speech Outline Worksheet\n■ An 18- to 22-minute keynote-style speech'),(52,'Team Building','Prepared Speech',5,7,'Team Building (required)\nThis project focuses on how people are motivated. It is designed to help you build your leadership skills by effectively motivating team members.\n\n','Build a team of three to four people to help you create and complete a project to benefit your club. Use the information in the project to develop motivational strategies for each team member. After the project, you may choose to ask team members and at least one club officer to complete a 360° evaluation to give you feedback on your communication and leadership. Deliver a 5- to 7-minute speech at a club meeting about your experience. Your speech is not a report on the content of this project.','The purpose of this project is to practice the skills needed to motivate team members through the completion of a project.','Building‚ÄÇand‚ÄÇmotivating‚ÄÇa‚ÄÇteam‚ÄÇto‚ÄÇcomplete‚ÄÇa‚ÄÇproject‚ÄÇthat‚ÄÇbenefits‚ÄÇyour‚ÄÇclub; The‚ÄÇTeam-Building‚ÄÇActivities‚ÄÇresource; The‚ÄÇ360¬∞‚ÄÇEvaluation‚ÄÇresource','This project includes: \n■ Building and motivating a team to complete a project that benefits your club\n■ The Team-Building Activities resource\n■ The 360° Evaluation resource\n■ A 5- to 7-minute speech'),(53,'Reflect on Your Path','Prepared Speech',10,12,'Reflect on Your Path (required)\nThis project is designed to give you an opportunity to share your experience at the end of your path.','At a club meeting, present a 10- to 12-minute speech to share your experience completing your path. Use this as an opportunity to reflect on how far you have come, summarize the skills you have learned and developed, and to celebrate your achievements. Your speech can be humorous, informational, or any style that that appeals to you and supports your speech content.','The purpose of this project is to reflect on your growth during the completion of an entire path.','The Your Toastmasters Journey resource','This project includes: \n■ The Your Toastmasters Journey resource\n■ A 10- to 12-minute speech'),(54,'Ethical Leadership','Prepared Speech',5,7,'Ethical Leadership (elective)\nThis project addresses the importance of recognizing the effect of decisions that impact ethics, best practices for making ethical decisions and developing an ethical framework.','Define an ethical framework for yourself. To do this, you may need to complete personal research beyond the contents of this project. Then, organize and moderate a 20- to 40-minute panel discussion about ethics, followed by a question-and-answer session. If you have never facilitated a panel discussion, review the “Moderate a Panel Discussion” elective project.','The purpose of this project is to develop a clear understanding of your own ethical framework and create an opportunity for others to hear about and discuss ethics in your organization or community.','The Ethical Framework resource; Organizing and moderating a panel discussion as well as a question-and-answer session','This project includes: \n■ The Ethical Framework resource\n■ Organizing and moderating a panel discussion as well as a question-and-answer session'),(55,'Leading in Your Volunteer Organization','Prepared Speech',5,7,'Leading in Your Volunteer Organization (elective)\nThis project focuses on the skills required to lead in a volunteer organization and the importance of recognition and reward in motivating volunteers.','Serve in a leadership role in Toastmasters or another volunteer organization for at least six months. You may complete this project based on your employment, but a volunteer organization is preferable. Ask members of the organization to complete a 360° evaluation of your leadership skills. Create a succession plan to aid in the transition after you leave your position of leadership. After your six-month term, deliver a 5- to 7-minute speech at a club meeting to reflect on your personal experience.','The purpose of this project is to apply the skills needed to successfully lead in a volunteer organization.','Serving in a volunteer leadership role for a minimum of six months; Conducting a 360¬∞ evaluation of your leadership skills; Creating a succession plan; The Succession Plan resource; The 360¬∞ Evaluation resource','This project includes: \n■ Serving in a volunteer leadership role for a minimum of six months\n■ Conducting a 360° evaluation of your leadership skills\n■ Creating a succession plan\n■ The Succession Plan resource\n■ The 360° Evaluation resource\n■ A 5- to 7-minute speech'),(56,'Lessons Learned','Prepared Speech',5,7,'Lessons Learned (elective)\nThis project addresses how to identify the discussion points of a large group meeting, encourage a culture of contribution and voicing opinions, and facilitate productive discussion that yields results.','Facilitate a lessons learned meeting for a team with which you are completing or have completed a project. This meeting is separate from your regular Toastmasters meeting. Organize and facilitate a discussion. Record the results into a document you and your team members can use to facilitate the current project or future projects. If you haven’t already, give team members an opportunity to complete a 360° evaluation of you as a team leader. (Use the 360° Evaluation resource.) Finally, present a 5- to 7-minute speech in your club about the lessons learned meeting or your leadership experience.','The purpose of this project is to learn about and apply the skills needed to run a lessons learned meeting during a project or after its completion.','Facilitating a lessons learned meeting; Documenting the results of the lessons learned meeting; The 360¬∞ Evaluation resource; The Lessons Learned Response Log; The Metrics Log','This project includes: \n■ Facilitating a lessons learned meeting\n■ Documenting the results of the lessons learned meeting\n■ The 360° Evaluation resource\n■ The Lessons Learned Response Log\n■ The Metrics Log\n■ A 5- to 7-minute speech'),(57,'Moderate a Panel Discussion','Panel Discussion',20,40,'Moderate a Panel Discussion (elective)\nThis project addresses the skills needed to successfully moderate a panel discussion and how to be an effective participant on a panel.','Plan and moderate a 20- to 40-minute panel discussion. The panel discussion can be on any topic and may take place at a club meeting or outside of Toastmasters with the approval of your vice president education. Toastmasters who participate as panelists do not receive credit in Toastmasters Pathways. When you have the opportunity, volunteer to act as a panelist for another member completing this project.','The purpose of this project is to apply your skills as a public speaker and leader to facilitate a panel discussion.','Planning and moderating a 20- to 40-minute panel discussion; The Panelist Basics resource; The Project Completion Form','This project includes: \n■ Planning and moderating a 20- to 40-minute panel discussion\n■ The Panelist Basics resource\n■ The Project Completion Form'),(58,'Distinguished Toastmaster-First Speech','Prepared Speech',5,7,'','','The purpose of this first speech is for the member to introduce his or her plan and vision.','',''),(59,'Distinguished Toastmaster-Second Speech','Prepared Speech',8,10,'','','The purpose of this second speech is for the member to share some aspect of his or her experience completing the project.','',''),(60,'Generic','Prepared Speech',5,7,NULL,NULL,NULL,NULL,NULL),(61,'Creating the Best Club Climate','Presentation',10,15,'Presentation from series: Successful Club Series',NULL,'Educational Presentation','View resources',NULL),(62,'Meeting Roles and Responsibilities','Presentation',10,15,'Presentation from series: Successful Club Series',NULL,'Educational Presentation','View resources',NULL),(63,'Keeping the Commitment','Presentation',10,15,'Presentation from series: Successful Club Series',NULL,'Educational Presentation','View resources',NULL),(64,'Going Beyond Our Club','Presentation',10,15,'Presentation from series: Successful Club Series',NULL,'Educational Presentation','View resources',NULL),(65,'Finding New Members','Presentation',10,15,'Presentation from series: Successful Club Series',NULL,'Educational Presentation','View resources',NULL),(66,'Closing the Sale','Presentation',10,15,'Presentation from series: Successful Club Series',NULL,'Educational Presentation','View resources',NULL),(67,'How to Be a Distinguished Club','Presentation',10,15,'Presentation from series: Successful Club Series',NULL,'Educational Presentation','View resources',NULL),(68,'Toastmasters Educational Program','Presentation',10,15,'Presentation from series: Successful Club Series',NULL,'Educational Presentation','View resources',NULL),(69,'Beginning Your Speech','Presentation',10,15,'Presentation from series: Better Speaker Series',NULL,'Educational Presentation','View resources',NULL),(70,'Concluding Your Speech','Presentation',10,15,'Presentation from series: Better Speaker Series',NULL,'Educational Presentation','View resources',NULL),(71,'Controlling Your Fear','Presentation',10,15,'Presentation from series: Better Speaker Series',NULL,'Educational Presentation','View resources',NULL),(72,'Impromptu Speaking','Presentation',10,15,'Presentation from series: Better Speaker Series',NULL,'Educational Presentation','View resources',NULL),(73,'Selecting Your Topic','Presentation',10,15,'Presentation from series: Better Speaker Series',NULL,'Educational Presentation','View resources',NULL),(74,'Know Your Audience','Presentation',10,15,'Presentation from series: Better Speaker Series',NULL,'Educational Presentation','View resources',NULL),(75,'Organizing Your Speech','Presentation',10,15,'Presentation from series: Better Speaker Series',NULL,'Educational Presentation','View resources',NULL),(76,'Creating an Introduction','Presentation',10,15,'Presentation from series: Better Speaker Series',NULL,'Educational Presentation','View resources',NULL),(77,'Preparation and Practice','Presentation',10,15,'Presentation from series: Better Speaker Series',NULL,'Educational Presentation','View resources',NULL),(78,'Using Body Language','Presentation',10,15,'Presentation from series: Better Speaker Series',NULL,'Educational Presentation','View resources',NULL),(79,'Moments of Truth','Presentation',10,15,'Presentation from series: Successful Club Series',NULL,'Educational Presentation','View resources',NULL),(80,'Evaluate to Motivate','Presentation',10,15,'Presentation from series: Successful Club Series',NULL,'Educational Presentation','View resources',NULL),(81,'Mentoring','Presentation',10,15,'Presentation from series: Successful Club Series',NULL,'Educational Presentation','View resources',NULL),(82,'Service and Leadership','Presentation',10,15,'Presentation from series: Leadership Excellence Series',NULL,'Educational Presentation','View resources',NULL),(83,'The Leader as a Coach','Presentation',10,15,'Presentation from series: Leadership Excellence Series',NULL,'Educational Presentation','View resources',NULL),(84,'Developing a Mission','Presentation',10,15,'Presentation from series: Leadership Excellence Series',NULL,'Educational Presentation','View resources',NULL),(85,'Motivating People','Presentation',10,15,'Presentation from series: Leadership Excellence Series',NULL,'Educational Presentation','View resources',NULL),(86,'Building a Team','Presentation',10,15,'Presentation from series: Leadership Excellence Series',NULL,'Educational Presentation','View resources',NULL),(87,'Delegate to Empower','Presentation',10,15,'Presentation from series: Leadership Excellence Series',NULL,'Educational Presentation','View resources',NULL),(88,'Resolving Conflict','Presentation',10,15,'Presentation from series: Leadership Excellence Series',NULL,'Educational Presentation','View resources',NULL),(89,'Visionary Leader','Presentation',10,15,'Presentation from series: Leadership Excellence Series',NULL,'Educational Presentation','View resources',NULL),(90,'Values and Leadership','Presentation',10,15,'Presentation from series: Leadership Excellence Series',NULL,'Educational Presentation','View resources',NULL),(91,'Goal Setting and Planning','Presentation',10,15,'Presentation from series: Leadership Excellence Series',NULL,'Educational Presentation','View resources',NULL),(92,'Giving Effective Feedback','Presentation',10,15,'Presentation from series: Leadership Excellence Series',NULL,'Educational Presentation','View resources',NULL);
/*!40000 ALTER TABLE `Projects` ENABLE KEYS */;
UNLOCK TABLES;

--
-- Table structure for table `role_permissions`
--

DROP TABLE IF EXISTS `role_permissions`;
/*!40101 SET @saved_cs_client     = @@character_set_client */;
/*!50503 SET character_set_client = utf8mb4 */;
CREATE TABLE `role_permissions` (
  `id` int NOT NULL AUTO_INCREMENT,
  `role_id` int NOT NULL,
  `permission_id` int NOT NULL,
  PRIMARY KEY (`id`),
  UNIQUE KEY `unique_role_permission` (`role_id`,`permission_id`),
  KEY `permission_id` (`permission_id`),
  CONSTRAINT `role_permissions_ibfk_1` FOREIGN KEY (`permission_id`) REFERENCES `permissions` (`id`) ON DELETE CASCADE,
  CONSTRAINT `role_permissions_ibfk_2` FOREIGN KEY (`role_id`) REFERENCES `auth_roles` (`id`) ON DELETE CASCADE
) ENGINE=InnoDB AUTO_INCREMENT=87 DEFAULT CHARSET=utf8mb3;
/*!40101 SET character_set_client = @saved_cs_client */;

--
-- Dumping data for table `role_permissions`
--

LOCK TABLES `role_permissions` WRITE;
/*!40000 ALTER TABLE `role_permissions` DISABLE KEYS */;
INSERT INTO `role_permissions` VALUES (62,1,25),(78,1,32),(82,1,33),(86,1,37),(63,2,25),(79,2,32),(83,2,33),(34,3,2),(38,3,4),(35,3,6),(33,3,8),(36,3,10),(68,3,11),(39,3,15),(37,3,18),(64,3,25),(80,3,32),(40,4,4),(42,4,6),(43,4,10),(41,4,16),(65,4,25),(81,4,32),(84,5,4),(85,5,10);
/*!40000 ALTER TABLE `role_permissions` ENABLE KEYS */;
UNLOCK TABLES;

--
-- Table structure for table `Session_Types`
--

DROP TABLE IF EXISTS `Session_Types`;
/*!40101 SET @saved_cs_client     = @@character_set_client */;
/*!50503 SET character_set_client = utf8mb4 */;
CREATE TABLE `Session_Types` (
  `id` int NOT NULL AUTO_INCREMENT,
  `Title` varchar(255) NOT NULL,
  `Default_Owner` varchar(255) DEFAULT NULL,
  `Duration_Min` int DEFAULT NULL,
  `Duration_Max` int DEFAULT NULL,
  `Is_Section` tinyint(1) DEFAULT '0',
  `Predefined` tinyint(1) DEFAULT '1',
  `Valid_for_Project` tinyint(1) DEFAULT NULL,
  `Is_Hidden` tinyint(1) DEFAULT NULL,
  `role_id` int DEFAULT NULL,
  PRIMARY KEY (`id`),
  UNIQUE KEY `Title` (`Title`),
  KEY `role_id` (`role_id`),
  CONSTRAINT `Session_Types_ibfk_1` FOREIGN KEY (`role_id`) REFERENCES `meeting_roles` (`id`)
) ENGINE=InnoDB AUTO_INCREMENT=59 DEFAULT CHARSET=utf8mb3;
/*!40101 SET character_set_client = @saved_cs_client */;

--
-- Dumping data for table `Session_Types`
--

LOCK TABLES `Session_Types` WRITE;
/*!40000 ALTER TABLE `Session_Types` DISABLE KEYS */;
INSERT INTO `Session_Types` VALUES (1,'SAA Introduction',NULL,0,1,0,1,0,0,31),(2,'President\'s Address',NULL,0,2,0,1,0,0,32),(3,'Toastmaster of the Evening\'s Address',NULL,0,2,0,1,0,0,1),(4,'Ah-Counter Introduction',NULL,0,1,0,1,0,0,7),(5,'Grammarian Introduction',NULL,0,2,0,1,0,0,5),(6,'Timer Introduction',NULL,0,1,0,1,0,0,6),(7,'Table Topics',NULL,0,25,0,1,1,0,4),(8,'Generic',NULL,0,7,0,0,0,0,NULL),(9,'New Member Induction',NULL,0,7,0,1,0,0,11),(10,'New Guest Greetings',NULL,0,5,0,1,0,0,11),(11,'Networking',NULL,0,10,0,0,0,0,NULL),(12,'General Evaluator\'s Address',NULL,0,1,0,1,0,0,2),(13,'Ah-Counter Report',NULL,0,1,0,1,0,0,7),(14,'Grammarian Report',NULL,0,2,0,1,0,0,5),(15,'Timer Report',NULL,0,1,0,1,0,0,6),(16,'General Evaluation Report',NULL,0,3,0,1,0,0,2),(17,'Voting and Announcements',NULL,0,3,0,1,0,0,1),(18,'Awards / Meeting Closing',NULL,0,2,0,1,0,0,32),(20,'Keynote Speech',NULL,0,23,0,0,1,0,10),(30,'Prepared Speech',NULL,5,7,0,0,1,0,8),(31,'Evaluation',NULL,2,3,0,0,1,0,3),(32,'Section',NULL,NULL,NULL,1,0,0,0,NULL),(35,'Photography',NULL,NULL,NULL,0,0,0,1,12),(36,'Topics Speech',NULL,2,3,0,0,0,1,9),(37,'Introductory Mentor',NULL,NULL,NULL,0,0,0,1,22),(38,'Club Mentor',NULL,NULL,NULL,0,0,0,1,21),(40,'Debate',NULL,NULL,NULL,0,0,0,1,19),(41,'Panelist',NULL,NULL,NULL,0,0,0,1,18),(42,'Meeting Manager',NULL,NULL,NULL,0,0,0,1,14),(44,'Panel Discussion',NULL,0,40,0,0,1,0,17),(45,'Club Election',NULL,0,60,0,1,0,0,15),(46,'Contest Chair Address',NULL,1,5,0,0,0,0,26),(47,'Ballot Counting',NULL,NULL,2,0,0,0,0,27),(48,'Hidden Section',NULL,NULL,NULL,1,0,0,1,NULL),(57,'Member Roadmap',NULL,NULL,3,0,0,0,0,34),(58,'Backup Speaker','',5,7,0,0,0,1,NULL);
/*!40000 ALTER TABLE `Session_Types` ENABLE KEYS */;
UNLOCK TABLES;

--
-- Table structure for table `tickets`
--

DROP TABLE IF EXISTS `tickets`;
/*!40101 SET @saved_cs_client     = @@character_set_client */;
/*!50503 SET character_set_client = utf8mb4 */;
CREATE TABLE `tickets` (
  `id` int NOT NULL AUTO_INCREMENT,
  `name` varchar(50) NOT NULL,
  `price` float DEFAULT NULL,
  `icon` varchar(50) DEFAULT NULL,
  `color` varchar(50) DEFAULT NULL,
  PRIMARY KEY (`id`),
  UNIQUE KEY `uq_tickets_name` (`name`)
) ENGINE=InnoDB AUTO_INCREMENT=8 DEFAULT CHARSET=utf8mb4 COLLATE=utf8mb4_0900_ai_ci;
/*!40101 SET character_set_client = @saved_cs_client */;

--
-- Dumping data for table `tickets`
--

LOCK TABLES `tickets` WRITE;
/*!40000 ALTER TABLE `tickets` DISABLE KEYS */;
INSERT INTO `tickets` VALUES (1,'Early-bird',0,NULL,NULL),(2,'Cancelled',0,NULL,NULL),(3,'Walk-in',0,NULL,NULL),(4,'Officer',0,NULL,NULL),(5,'Coupon',0,NULL,NULL),(6,'Unpaid',0,NULL,NULL),(7,'Role-taker',0,NULL,NULL);
/*!40000 ALTER TABLE `tickets` ENABLE KEYS */;
UNLOCK TABLES;
/*!40103 SET TIME_ZONE=@OLD_TIME_ZONE */;

/*!40101 SET SQL_MODE=@OLD_SQL_MODE */;
/*!40014 SET FOREIGN_KEY_CHECKS=@OLD_FOREIGN_KEY_CHECKS */;
/*!40014 SET UNIQUE_CHECKS=@OLD_UNIQUE_CHECKS */;
/*!40101 SET CHARACTER_SET_CLIENT=@OLD_CHARACTER_SET_CLIENT */;
/*!40101 SET CHARACTER_SET_RESULTS=@OLD_CHARACTER_SET_RESULTS */;
/*!40101 SET COLLATION_CONNECTION=@OLD_COLLATION_CONNECTION */;
/*!40111 SET SQL_NOTES=@OLD_SQL_NOTES */;

-- Dump completed on 2026-01-25 23:01:56
